{
  "version": 1,
  "author": "Anonymous maker",
  "editor": "wokwi",
  "parts": [
    { "type": "wokwi-breadboard-mini", "id": "bb1", "top": -11, "left": -21.6, "attrs": {} },
    { "type": "wokwi-breadboard-mini", "id": "bb2", "top": -11, "left": 180, "attrs": {} },
    {
      "type": "wokwi-pi-pico",
      "id": "pico",
      "top": 116.1,
      "left": 28.55,
      "rotate": 270,
      "attrs": { "env": "micropython-20231227-v1.22.0" }
    },
    {
      "type": "wokwi-dht22",
      "id": "dht1",
      "top": -143.7,
      "left": 90.6,
      "attrs": { "temperature": "-10.8", "humidity": "64" }
    },
    {
      "type": "board-ssd1306",
      "id": "oled1",
      "top": -6.46,
      "left": -134.17,
      "attrs": { "i2cAddress": "0x3c" }
    },
    {
      "type": "wokwi-led",
      "id": "led1",
      "top": -32.4,
      "left": 234.2,
      "attrs": { "color": "red" }
    },
    {
      "type": "wokwi-led",
      "id": "led2",
      "top": -32.4,
      "left": 205.4,
      "attrs": { "color": "orange" }
    },
    {
      "type": "wokwi-led",
      "id": "led3",
      "top": -32.4,
      "left": 176.6,
      "attrs": { "color": "green" }
    },
    {
      "type": "wokwi-resistor",
      "id": "r1",
      "top": 62.4,
      "left": 162.65,
      "rotate": 90,
      "attrs": { "value": "1000" }
    }
  ],
  "connections": [
    [ "pico:3V3_EN", "bb1:3b.j", "red", [ "v0" ] ],
    [ "pico:GP28", "bb1:4b.j", "violet", [ "v-30", "h-19.2" ] ],
    [ "dht1:VCC", "bb1:13t.a", "red", [ "v0" ] ],
    [ "dht1:GND", "bb1:16t.a", "black", [ "v0" ] ],
    [ "dht1:SDA", "bb1:14t.a", "magenta", [ "v0" ] ],
    [ "bb1:13t.e", "bb1:13b.f", "black", [ "v0" ] ],
    [ "bb1:14t.e", "bb1:14b.f", "violet", [ "v0" ] ],
    [ "bb1:16t.e", "bb1:16b.f", "black", [ "v0" ] ],
    [ "bb1:16b.g", "bb1:2b.g", "black", [ "v0" ] ],
    [ "bb1:13b.h", "bb1:3b.h", "red", [ "v0" ] ],
    [ "bb1:14b.i", "bb1:4b.i", "violet", [ "v0" ] ],
    [ "pico:GND.8", "bb1:2b.j", "black", [ "v0" ] ],
    [ "oled1:GND", "bb1:2t.a", "black", [ "v-57.6", "h96" ] ],
    [ "bb1:2b.f", "bb1:2t.e", "black", [ "v0" ] ],
    [ "oled1:VCC", "bb1:3t.a", "red", [ "v-48", "h96.15" ] ],
    [ "bb1:3t.e", "bb1:3b.f", "red", [ "v0" ] ],
    [ "pico:GP27", "bb1:6b.j", "green", [ "v-39.6", "h-19.2" ] ],
    [ "bb1:6b.f", "bb1:6t.e", "green", [ "v0" ] ],
    [ "pico:GP26", "bb1:7b.j", "green", [ "v-49.2", "h-9.6" ] ],
    [ "bb1:7b.f", "bb1:7t.e", "green", [ "v0" ] ],
    [ "bb1:6t.a", "oled1:SCL", "green", [ "v-38.4", "h-115.2" ] ],
    [ "oled1:SDA", "bb1:7t.a", "green", [ "v-28.8", "h115.27" ] ],
    [ "led2:C", "bb2:1t.c", "black", [ "v0" ] ],
    [ "led1:C", "bb2:1t.d", "black", [ "v0" ] ],
    [ "led3:A", "bb2:2t.b", "", [ "$bb" ] ],
    [ "led3:C", "bb2:1t.b", "", [ "$bb" ] ],
    [ "led2:A", "bb2:5t.b", "", [ "$bb" ] ],
    [ "led2:C", "bb2:4t.b", "", [ "$bb" ] ],
    [ "led1:A", "bb2:8t.b", "", [ "$bb" ] ],
    [ "led1:C", "bb2:7t.b", "", [ "$bb" ] ],
    [ "r1:1", "bb2:1t.e", "", [ "$bb" ] ],
    [ "r1:2", "bb2:1b.i", "", [ "$bb" ] ]
  ],
  "dependencies": {}
}